vprog,amp_neuron,vth,input_nbr,tau_in,tau_out,lr,alpha,multiplicative,iterations,presentation_time,pause_time,dt,n_neurons,inhibition_time,tau_ref_in,tau_ref_out,inc_n,tau_n,synapse_layer_1,winit_max,vprog_increment,voltage_clip_max,voltage_clip_min,Vapp_multiplier,gain_in,bias_in,noise_input,accuracy,accuracy_2,seed
0.0,0.05,0.5,60000.0,0.03,0.03,0.005,0.0,1.0,4.0,0.35,0.0,0.005,50.0,10.0,0.005,0.005,0.01,1.0,0.005,1.0,0.0,1.0,-1.0,1.0,4.0,0.5,0.0,75.03999999999999,74.74,420.0
0.0,0.05,0.5,60000.0,0.03,0.03,0.01,0.0,1.0,4.0,0.35,0.0,0.005,50.0,10.0,0.005,0.005,0.01,1.0,0.005,1.0,0.0,1.0,-1.0,1.0,4.0,0.5,0.0,75.99000000000001,75.63,420.0
0.0,0.05,0.5,60000.0,0.03,0.03,0.05,0.0,1.0,4.0,0.35,0.0,0.005,50.0,10.0,0.005,0.005,0.01,1.0,0.005,1.0,0.0,1.0,-1.0,1.0,4.0,0.5,0.0,65.44,63.41,420.0
0.0,0.05,0.5,60000.0,0.03,0.03,0.1,0.0,1.0,4.0,0.35,0.0,0.005,50.0,10.0,0.005,0.005,0.01,1.0,0.005,1.0,0.0,1.0,-1.0,1.0,4.0,0.5,0.0,66.34,64.91,420.0
0.0,0.05,0.5,60000.0,0.03,0.03,0.5,0.0,1.0,4.0,0.35,0.0,0.005,50.0,10.0,0.005,0.005,0.01,1.0,0.005,1.0,0.0,1.0,-1.0,1.0,4.0,0.5,0.0,45.7,44.69,420.0
0.0,0.05,0.5,60000.0,0.03,0.03,1.0,0.0,1.0,4.0,0.35,0.0,0.005,50.0,10.0,0.005,0.005,0.01,1.0,0.005,1.0,0.0,1.0,-1.0,1.0,4.0,0.5,0.0,38.019999999999996,36.98,420.0
