vprog,amp_neuron,vth,input_nbr,tau_in,tau_out,lr,alpha,multiplicative,iterations,presentation_time,pause_time,dt,n_neurons,inhibition_time,tau_ref_in,tau_ref_out,inc_n,tau_n,synapse_layer_1,winit_max,vprog_increment,voltage_clip_max,voltage_clip_min,Vapp_multiplier,gain_in,bias_in,noise_input,accuracy,accuracy_2,seed
0.0,0.00025,0.5,60000.0,0.03,0.03,0.0005,0.0,1.0,1.0,0.35,0.0,0.005,50.0,10.0,0.005,0.005,0.01,1.0,0.005,1.0,0.0,1.0,-1.0,1.0,4.0,0.5,0.0,73.99,74.5,2011.0
0.0,0.00025,0.5,60000.0,0.03,0.03,0.0005,0.0,1.0,2.0,0.35,0.0,0.005,50.0,10.0,0.005,0.005,0.01,1.0,0.005,1.0,0.0,1.0,-1.0,1.0,4.0,0.5,0.0,75.89,76.73,2011.0
0.0,0.00025,0.5,60000.0,0.03,0.03,0.0005,0.0,1.0,3.0,0.35,0.0,0.005,50.0,10.0,0.005,0.005,0.01,1.0,0.005,1.0,0.0,1.0,-1.0,1.0,4.0,0.5,0.0,75.19,75.87,2011.0
0.0,0.00025,0.5,60000.0,0.03,0.03,0.0005,0.0,1.0,4.0,0.35,0.0,0.005,50.0,10.0,0.005,0.005,0.01,1.0,0.005,1.0,0.0,1.0,-1.0,1.0,4.0,0.5,0.0,75.59,76.06,2011.0
0.0,0.00025,0.5,60000.0,0.03,0.03,0.0005,0.0,1.0,5.0,0.35,0.0,0.005,50.0,10.0,0.005,0.005,0.01,1.0,0.005,1.0,0.0,1.0,-1.0,1.0,4.0,0.5,0.0,75.91,76.29,2011.0
