vprog,amp_neuron,vth,input_nbr,tau_in,tau_out,lr,alpha,multiplicative,iterations,presentation_time,pause_time,dt,n_neurons,inhibition_time,tau_ref_in,tau_ref_out,inc_n,tau_n,synapse_layer_1,winit_max,vprog_increment,voltage_clip_max,voltage_clip_min,Vapp_multiplier,gain_in,bias_in,noise_input,tau_stdp,accuracy,accuracy_2,seed
0.0,1.0,0.5,10000.0,0.03,0.03,1.0,0.0,1.0,1.0,0.2,0.1,0.005,10.0,10.0,0.005,0.005,0.01,1.0,0.005,1.0,0.0,1.0,-1.0,1.0,2.0,0.0,0.0,0.01,10.4,11.44,100.0
0.0,1.0,0.5,10000.0,0.03,0.03,1.0,0.0,1.0,1.0,0.2,0.1,0.005,10.0,10.0,0.005,0.005,0.01,1.0,0.005,1.0,0.0,1.0,-1.0,1.0,2.0,0.5,0.0,0.01,10.280000000000001,11.35,100.0
0.0,1.0,0.5,10000.0,0.03,0.03,1.0,0.0,1.0,1.0,0.2,0.1,0.005,10.0,10.0,0.005,0.005,0.01,1.0,0.005,1.0,0.0,1.0,-1.0,1.0,3.0,0.0,0.0,0.01,10.620000000000001,11.35,100.0
0.0,1.0,0.5,10000.0,0.03,0.03,1.0,0.0,1.0,1.0,0.2,0.1,0.005,10.0,10.0,0.005,0.005,0.01,1.0,0.005,1.0,0.0,1.0,-1.0,1.0,3.0,0.5,0.0,0.01,10.280000000000001,11.35,100.0
0.0,1.0,0.5,10000.0,0.03,0.03,1.0,0.0,1.0,1.0,0.2,0.1,0.005,10.0,10.0,0.005,0.005,0.01,1.0,0.005,1.0,0.0,1.0,-1.0,1.0,4.0,0.0,0.0,0.01,10.280000000000001,11.35,100.0
0.0,1.0,0.5,10000.0,0.03,0.03,1.0,0.0,1.0,1.0,0.2,0.1,0.005,10.0,10.0,0.005,0.005,0.01,1.0,0.005,1.0,0.0,1.0,-1.0,1.0,4.0,0.5,0.0,0.01,10.280000000000001,11.35,100.0
0.0,1.0,0.5,10000.0,0.03,0.02,1.0,0.0,1.0,1.0,0.2,0.1,0.005,10.0,10.0,0.005,0.005,0.01,1.0,0.005,1.0,0.0,1.0,-1.0,1.0,2.0,0.0,0.0,0.01,10.280000000000001,11.35,100.0
0.0,1.0,0.5,10000.0,0.03,0.02,1.0,0.0,1.0,1.0,0.2,0.1,0.005,10.0,10.0,0.005,0.005,0.01,1.0,0.005,1.0,0.0,1.0,-1.0,1.0,2.0,0.5,0.0,0.01,10.280000000000001,11.35,100.0
0.0,1.0,0.5,10000.0,0.03,0.02,1.0,0.0,1.0,1.0,0.2,0.1,0.005,10.0,10.0,0.005,0.005,0.01,1.0,0.005,1.0,0.0,1.0,-1.0,1.0,3.0,0.0,0.0,0.01,10.280000000000001,11.35,100.0
