vprog,amp_neuron,vth,input_nbr,tau_in,tau_out,lr,alpha,multiplicative,iterations,presentation_time,pause_time,dt,n_neurons,inhibition_time,tau_ref_in,tau_ref_out,inc_n,tau_n,synapse_layer_1,winit_max,vprog_increment,voltage_clip_max,voltage_clip_min,Vapp_multiplier,gain_in,bias_in,noise_input,accuracy,accuracy_2,input_scale,seed
,0.000375,0.5,60000.0,0.03,0.03,1.5e-05,0.0,1.0,1.0,0.35,0.0,0.005,10.0,10.0,0.005,0.005,0.01,1.0,0.005,1.0,0.0,1.0,-1.0,1.0,4.0,0.5,0.0,33.68,33.72,102.4,50.0
,0.000375,0.5,60000.0,0.03,0.03,3.75e-05,0.0,1.0,1.0,0.35,0.0,0.005,10.0,10.0,0.005,0.005,0.01,1.0,0.005,1.0,0.0,1.0,-1.0,1.0,4.0,0.5,0.0,32.62,32.77,102.4,50.0
,0.000375,0.5,60000.0,0.03,0.03,6.75e-05,0.0,1.0,1.0,0.35,0.0,0.005,10.0,10.0,0.005,0.005,0.01,1.0,0.005,1.0,0.0,1.0,-1.0,1.0,4.0,0.5,0.0,33.89,33.95,102.4,50.0
,0.000375,0.5,60000.0,0.03,0.03,0.000125,0.0,1.0,1.0,0.35,0.0,0.005,10.0,10.0,0.005,0.005,0.01,1.0,0.005,1.0,0.0,1.0,-1.0,1.0,4.0,0.5,0.0,36.69,36.79,102.4,50.0
,0.000375,0.5,60000.0,0.03,0.03,0.0005,0.0,1.0,1.0,0.35,0.0,0.005,10.0,10.0,0.005,0.005,0.01,1.0,0.005,1.0,0.0,1.0,-1.0,1.0,4.0,0.5,0.0,43.45,43.54,102.4,50.0
,0.000375,0.5,60000.0,0.03,0.03,0.001,0.0,1.0,1.0,0.35,0.0,0.005,10.0,10.0,0.005,0.005,0.01,1.0,0.005,1.0,0.0,1.0,-1.0,1.0,4.0,0.5,0.0,38.05,38.08,102.4,50.0
,0.000375,0.5,60000.0,0.03,0.03,0.002,0.0,1.0,1.0,0.35,0.0,0.005,10.0,10.0,0.005,0.005,0.01,1.0,0.005,1.0,0.0,1.0,-1.0,1.0,4.0,0.5,0.0,35.88,35.84,102.4,50.0
