input_scale,amp_neuron,vth,input_nbr,tau_in,tau_out,lr,alpha,multiplicative,iterations,presentation_time,pause_time,dt,n_neurons,inhibition_time,tau_ref_in,tau_ref_out,inc_n,tau_n,synapse_layer_1,winit_max,vprog_increment,voltage_clip_max,voltage_clip_min,Vapp_multiplier,gain_in,bias_in,noise_input,accuracy,accuracy_2,seed
1.0,0.05,0.5,60000.0,0.03,0.03,0.004,0.0,1.0,1.0,0.35,0.0,0.005,300.0,10.0,0.005,0.005,0.01,1.0,0.005,1.0,0.0,1.0,-1.0,1.0,4.0,0.5,0.0,88.27000000000001,86.94,50.0
1.0,0.05,0.5,60000.0,0.03,0.03,0.005,0.0,1.0,1.0,0.35,0.0,0.005,300.0,10.0,0.005,0.005,0.01,1.0,0.005,1.0,0.0,1.0,-1.0,1.0,4.0,0.5,0.0,87.71,86.34,50.0
1.0,0.05,0.5,60000.0,0.03,0.03,0.006,0.0,1.0,1.0,0.35,0.0,0.005,300.0,10.0,0.005,0.005,0.01,1.0,0.005,1.0,0.0,1.0,-1.0,1.0,4.0,0.5,0.0,87.62,86.13,50.0
1.0,0.05,0.5,60000.0,0.03,0.03,0.007,0.0,1.0,1.0,0.35,0.0,0.005,300.0,10.0,0.005,0.005,0.01,1.0,0.005,1.0,0.0,1.0,-1.0,1.0,4.0,0.5,0.0,86.65,85.08,50.0
1.0,0.05,0.5,60000.0,0.03,0.03,0.008,0.0,1.0,1.0,0.35,0.0,0.005,300.0,10.0,0.005,0.005,0.01,1.0,0.005,1.0,0.0,1.0,-1.0,1.0,4.0,0.5,0.0,87.11,86.11,50.0
1.0,0.05,0.5,60000.0,0.03,0.03,0.009,0.0,1.0,1.0,0.35,0.0,0.005,300.0,10.0,0.005,0.005,0.01,1.0,0.005,1.0,0.0,1.0,-1.0,1.0,4.0,0.5,0.0,84.53,82.9,50.0
1.0,0.05,0.5,60000.0,0.03,0.03,0.01,0.0,1.0,1.0,0.35,0.0,0.005,300.0,10.0,0.005,0.005,0.01,1.0,0.005,1.0,0.0,1.0,-1.0,1.0,4.0,0.5,0.0,83.02000000000001,80.94,50.0
