input_scale,amp_neuron,vth,input_nbr,tau_in,tau_out,lr,alpha,multiplicative,iterations,presentation_time,pause_time,dt,n_neurons,inhibition_time,tau_ref_in,tau_ref_out,inc_n,tau_n,synapse_layer_1,winit_max,vprog_increment,voltage_clip_max,voltage_clip_min,Vapp_multiplier,gain_in,bias_in,noise_input,accuracy,accuracy_2,seed
1.0,0.05,0.5,60000.0,0.03,0.03,0.004,0.0,1.0,1.0,0.35,0.0,0.005,300.0,10.0,0.005,0.005,0.01,1.0,0.005,1.0,0.0,1.0,-1.0,1.0,4.0,0.5,0.0,87.53,85.5,1998.0
1.0,0.05,0.5,60000.0,0.03,0.03,0.005,0.0,1.0,1.0,0.35,0.0,0.005,300.0,10.0,0.005,0.005,0.01,1.0,0.005,1.0,0.0,1.0,-1.0,1.0,4.0,0.5,0.0,86.26,84.93,1998.0
1.0,0.05,0.5,60000.0,0.03,0.03,0.006,0.0,1.0,1.0,0.35,0.0,0.005,300.0,10.0,0.005,0.005,0.01,1.0,0.005,1.0,0.0,1.0,-1.0,1.0,4.0,0.5,0.0,86.05000000000001,84.89,1998.0
1.0,0.05,0.5,60000.0,0.03,0.03,0.007,0.0,1.0,1.0,0.35,0.0,0.005,300.0,10.0,0.005,0.005,0.01,1.0,0.005,1.0,0.0,1.0,-1.0,1.0,4.0,0.5,0.0,86.95,85.6,1998.0
1.0,0.05,0.5,60000.0,0.03,0.03,0.008,0.0,1.0,1.0,0.35,0.0,0.005,300.0,10.0,0.005,0.005,0.01,1.0,0.005,1.0,0.0,1.0,-1.0,1.0,4.0,0.5,0.0,86.18,84.62,1998.0
1.0,0.05,0.5,60000.0,0.03,0.03,0.009,0.0,1.0,1.0,0.35,0.0,0.005,300.0,10.0,0.005,0.005,0.01,1.0,0.005,1.0,0.0,1.0,-1.0,1.0,4.0,0.5,0.0,86.35000000000001,84.65,1998.0
1.0,0.05,0.5,60000.0,0.03,0.03,0.01,0.0,1.0,1.0,0.35,0.0,0.005,300.0,10.0,0.005,0.005,0.01,1.0,0.005,1.0,0.0,1.0,-1.0,1.0,4.0,0.5,0.0,85.57000000000001,83.68,1998.0
1.0,0.05,0.5,60000.0,0.03,0.03,0.011,0.0,1.0,1.0,0.35,0.0,0.005,300.0,10.0,0.005,0.005,0.01,1.0,0.005,1.0,0.0,1.0,-1.0,1.0,4.0,0.5,0.0,83.96000000000001,81.98,1998.0
