input_scale,amp_neuron,vth,input_nbr,tau_in,tau_out,lr,alpha,multiplicative,iterations,presentation_time,pause_time,dt,n_neurons,inhibition_time,tau_ref_in,tau_ref_out,inc_n,tau_n,synapse_layer_1,winit_max,vprog_increment,voltage_clip_max,voltage_clip_min,Vapp_multiplier,gain_in,bias_in,noise_input,accuracy,accuracy_2,seed
1.0,0.05,0.5,60000.0,0.03,0.03,0.004,0.0,1.0,1.0,0.35,0.0,0.005,300.0,10.0,0.005,0.005,0.01,1.0,0.005,1.0,0.0,1.0,-1.0,1.0,4.0,0.5,0.0,86.11,84.12,100.0
1.0,0.05,0.5,60000.0,0.03,0.03,0.005,0.0,1.0,1.0,0.35,0.0,0.005,300.0,10.0,0.005,0.005,0.01,1.0,0.005,1.0,0.0,1.0,-1.0,1.0,4.0,0.5,0.0,86.65,85.27,100.0
1.0,0.05,0.5,60000.0,0.03,0.03,0.006,0.0,1.0,1.0,0.35,0.0,0.005,300.0,10.0,0.005,0.005,0.01,1.0,0.005,1.0,0.0,1.0,-1.0,1.0,4.0,0.5,0.0,86.37,85.08,100.0
1.0,0.05,0.5,60000.0,0.03,0.03,0.007,0.0,1.0,1.0,0.35,0.0,0.005,300.0,10.0,0.005,0.005,0.01,1.0,0.005,1.0,0.0,1.0,-1.0,1.0,4.0,0.5,0.0,85.38,84.05,100.0
1.0,0.05,0.5,60000.0,0.03,0.03,0.008,0.0,1.0,1.0,0.35,0.0,0.005,300.0,10.0,0.005,0.005,0.01,1.0,0.005,1.0,0.0,1.0,-1.0,1.0,4.0,0.5,0.0,85.74000000000001,84.07,100.0
1.0,0.05,0.5,60000.0,0.03,0.03,0.009,0.0,1.0,1.0,0.35,0.0,0.005,300.0,10.0,0.005,0.005,0.01,1.0,0.005,1.0,0.0,1.0,-1.0,1.0,4.0,0.5,0.0,85.52,83.82,100.0
1.0,0.05,0.5,60000.0,0.03,0.03,0.01,0.0,1.0,1.0,0.35,0.0,0.005,300.0,10.0,0.005,0.005,0.01,1.0,0.005,1.0,0.0,1.0,-1.0,1.0,4.0,0.5,0.0,85.74000000000001,84.39,100.0
1.0,0.05,0.5,60000.0,0.03,0.03,0.011,0.0,1.0,1.0,0.35,0.0,0.005,300.0,10.0,0.005,0.005,0.01,1.0,0.005,1.0,0.0,1.0,-1.0,1.0,4.0,0.5,0.0,82.96,81.09,100.0
