input_scale,amp_neuron,vth,input_nbr,tau_in,tau_out,lr,alpha,multiplicative,iterations,presentation_time,pause_time,dt,n_neurons,inhibition_time,tau_ref_in,tau_ref_out,inc_n,tau_n,synapse_layer_1,winit_max,vprog_increment,voltage_clip_max,voltage_clip_min,Vapp_multiplier,gain_in,bias_in,noise_input,accuracy,accuracy_2,seed
1.0,0.05,0.5,60000.0,0.03,0.03,0.004,0.0,1.0,1.0,0.35,0.0,0.005,300.0,10.0,0.005,0.005,0.01,1.0,0.005,1.0,0.0,1.0,-1.0,1.0,4.0,0.5,0.0,88.27000000000001,86.9,2011.0
1.0,0.05,0.5,60000.0,0.03,0.03,0.005,0.0,1.0,1.0,0.35,0.0,0.005,300.0,10.0,0.005,0.005,0.01,1.0,0.005,1.0,0.0,1.0,-1.0,1.0,4.0,0.5,0.0,88.75999999999999,87.43,2011.0
1.0,0.05,0.5,60000.0,0.03,0.03,0.006,0.0,1.0,1.0,0.35,0.0,0.005,300.0,10.0,0.005,0.005,0.01,1.0,0.005,1.0,0.0,1.0,-1.0,1.0,4.0,0.5,0.0,86.57000000000001,85.3,2011.0
1.0,0.05,0.5,60000.0,0.03,0.03,0.007,0.0,1.0,1.0,0.35,0.0,0.005,300.0,10.0,0.005,0.005,0.01,1.0,0.005,1.0,0.0,1.0,-1.0,1.0,4.0,0.5,0.0,87.16000000000001,85.92,2011.0
1.0,0.05,0.5,60000.0,0.03,0.03,0.008,0.0,1.0,1.0,0.35,0.0,0.005,300.0,10.0,0.005,0.005,0.01,1.0,0.005,1.0,0.0,1.0,-1.0,1.0,4.0,0.5,0.0,84.89999999999999,83.53,2011.0
1.0,0.05,0.5,60000.0,0.03,0.03,0.009,0.0,1.0,1.0,0.35,0.0,0.005,300.0,10.0,0.005,0.005,0.01,1.0,0.005,1.0,0.0,1.0,-1.0,1.0,4.0,0.5,0.0,86.33999999999999,84.96,2011.0
1.0,0.05,0.5,60000.0,0.03,0.03,0.01,0.0,1.0,1.0,0.35,0.0,0.005,300.0,10.0,0.005,0.005,0.01,1.0,0.005,1.0,0.0,1.0,-1.0,1.0,4.0,0.5,0.0,85.82,84.22,2011.0
1.0,0.05,0.5,60000.0,0.03,0.03,0.011,0.0,1.0,1.0,0.35,0.0,0.005,300.0,10.0,0.005,0.005,0.01,1.0,0.005,1.0,0.0,1.0,-1.0,1.0,4.0,0.5,0.0,87.07000000000001,86.05,2011.0
