vprog,amp_neuron,vth,input_nbr,tau_in,tau_out,lr,iterations,presentation_time,pause_time,dt,n_neurons,inhibition_time,tau_ref,synapse_layer_1,winit_max,vprog_increment,voltage_clip_max,voltage_clip_min,Vapp_multiplier,gain_in,noise_input,accuracy,accuracy_2,seed
-0.55,1.0,0.5,60000.0,0.3,0.06,1.0,1.0,0.35,0.15,0.005,20.0,10.0,0.002,,1.0,0.0,2.0,-2.0,4.0,2.0,0.0,7.66,13.34,100.0
-0.55,1.0,0.5,60000.0,0.3,0.06,1.0,1.0,0.35,0.15,0.005,20.0,10.0,0.002,,1.0,0.0,2.0,-2.0,4.0,4.0,0.0,5.8999999999999995,11.82,100.0
-0.55,1.0,0.5,60000.0,0.2,0.06,1.0,1.0,0.35,0.15,0.005,20.0,10.0,0.002,,1.0,0.0,2.0,-2.0,4.0,2.0,0.0,8.790000000000001,12.08,100.0
-0.55,1.0,0.5,60000.0,0.2,0.06,1.0,1.0,0.35,0.15,0.005,20.0,10.0,0.002,,1.0,0.0,2.0,-2.0,4.0,4.0,0.0,6.88,10.86,100.0
-0.55,1.0,0.5,60000.0,0.1,0.06,1.0,1.0,0.35,0.15,0.005,20.0,10.0,0.002,,1.0,0.0,2.0,-2.0,4.0,2.0,0.0,7.57,11.53,100.0
