vprog,amp_neuron,vth,input_nbr,tau_in,tau_out,lr,iterations,presentation_time,pause_time,dt,n_neurons,inhibition_time,tau_ref,synapse_layer_1,winit_max,vprog_increment,voltage_clip_max,voltage_clip_min,Vapp_multiplier,gain_in,bias_in,noise_input,accuracy,accuracy_2,seed
-0.25,1.0,0.5,60000.0,0.2,0.06,1.0,1.0,0.35,0.15,0.005,20.0,10.0,0.002,,0.5,0.0,2.0,-2.0,2.0,2.0,0.2,0.0,8.15,10.18,100.0
-0.25,1.0,0.5,60000.0,0.2,0.06,1.0,1.0,0.35,0.15,0.005,20.0,10.0,0.002,,0.5,0.0,2.0,-2.0,2.0,2.0,0.4,0.0,7.48,10.67,100.0
-0.25,1.0,0.5,60000.0,0.2,0.06,1.0,1.0,0.35,0.15,0.005,20.0,10.0,0.002,,0.5,0.0,2.0,-2.0,2.0,2.0,0.6,0.0,6.4399999999999995,11.4,100.0
-0.25,1.0,0.5,60000.0,0.2,0.06,1.0,1.0,0.35,0.15,0.005,20.0,10.0,0.002,,0.5,0.0,2.0,-2.0,4.0,2.0,0.2,0.0,6.140000000000001,11.36,100.0
-0.25,1.0,0.5,60000.0,0.2,0.06,1.0,1.0,0.35,0.15,0.005,20.0,10.0,0.002,,0.5,0.0,2.0,-2.0,4.0,2.0,0.4,0.0,6.68,11.47,100.0
-0.25,1.0,0.5,60000.0,0.2,0.06,1.0,1.0,0.35,0.15,0.005,20.0,10.0,0.002,,0.5,0.0,2.0,-2.0,4.0,2.0,0.6,0.0,7.26,11.38,100.0
-0.25,1.0,0.5,60000.0,0.06,0.06,1.0,1.0,0.35,0.15,0.005,20.0,10.0,0.002,,0.5,0.0,2.0,-2.0,2.0,2.0,0.2,0.0,8.690000000000001,10.57,100.0
