vprog,amp_neuron,vth,input_nbr,tau_in,tau_out,lr,iterations,presentation_time,pause_time,dt,n_neurons,inhibition_time,tau_ref,synapse_layer_1,winit_max,vprog_increment,voltage_clip_max,voltage_clip_min,Vapp_multiplier,gain_in,bias_in,noise_input,accuracy,accuracy_2,seed
0.0,1.0,0.5,60000.0,0.06,0.06,1.0,1.0,0.35,0.0,0.005,20.0,10.0,0.01,,1.0,0.0,1.8,-1.8,1.0,2.0,0.4,0.0,11.39,10.97,100.0
0.0,1.0,0.5,60000.0,0.06,0.06,1.0,1.0,0.35,0.0,0.005,20.0,10.0,0.01,,1.0,0.0,1.8,-1.8,1.0,2.0,0.6,0.0,11.899999999999999,10.46,100.0
0.0,1.0,0.5,60000.0,0.06,0.06,1.0,1.0,0.35,0.0,0.005,20.0,10.0,0.01,,1.0,0.0,1.8,-1.8,2.0,2.0,0.4,0.0,11.77,10.8,100.0
0.0,1.0,0.5,60000.0,0.06,0.06,1.0,1.0,0.35,0.0,0.005,20.0,10.0,0.01,,1.0,0.0,1.8,-1.8,2.0,2.0,0.6,0.0,11.459999999999999,11.06,100.0
0.0,1.0,0.5,60000.0,0.06,0.06,1.0,1.0,0.35,0.0,0.005,20.0,10.0,0.002,,1.0,0.0,1.8,-1.8,1.0,2.0,0.4,0.0,10.059999999999999,10.21,100.0
0.0,1.0,0.5,60000.0,0.06,0.06,1.0,1.0,0.35,0.0,0.005,20.0,10.0,0.002,,1.0,0.0,1.8,-1.8,1.0,2.0,0.6,0.0,11.55,10.52,100.0
0.0,1.0,0.5,60000.0,0.06,0.06,1.0,1.0,0.35,0.0,0.005,20.0,10.0,0.002,,1.0,0.0,1.8,-1.8,2.0,2.0,0.4,0.0,10.68,10.32,100.0
