vprog,amp_neuron,vth,input_nbr,tau_in,tau_out,lr,iterations,presentation_time,pause_time,dt,n_neurons,inhibition_time,tau_ref,synapse_layer_1,winit_max,vprog_increment,voltage_clip_max,voltage_clip_min,Vapp_multiplier,gain_in,bias_in,noise_input,accuracy,accuracy_2,seed
-0.25,1.0,0.5,60000.0,0.1,0.12,1.0,1.0,0.35,0.0,0.005,20.0,10.0,0.01,,1.0,0.0,1.8,-1.8,2.0,2.0,0.5,0.0,9.2,10.71,100.0
-0.25,1.0,0.5,60000.0,0.1,0.12,1.0,1.0,0.35,0.0,0.005,20.0,10.0,0.01,,1.0,0.0,1.8,-1.8,2.0,2.0,0.4,0.0,10.38,11.18,100.0
-0.25,1.0,0.5,60000.0,0.1,0.12,1.0,1.0,0.35,0.0,0.005,20.0,10.0,0.01,,1.0,0.0,1.8,-1.8,2.0,2.0,0.6,0.0,10.280000000000001,10.84,100.0
-0.25,1.0,0.5,60000.0,0.1,0.12,1.0,1.0,0.35,0.0,0.005,20.0,10.0,0.01,,1.0,0.0,1.8,-1.8,1.0,2.0,0.5,0.0,9.790000000000001,10.35,100.0
-0.25,1.0,0.5,60000.0,0.1,0.12,1.0,1.0,0.35,0.0,0.005,20.0,10.0,0.01,,1.0,0.0,1.8,-1.8,1.0,2.0,0.4,0.0,10.489999999999998,11.49,100.0
-0.25,1.0,0.5,60000.0,0.1,0.12,1.0,1.0,0.35,0.0,0.005,20.0,10.0,0.01,,1.0,0.0,1.8,-1.8,1.0,2.0,0.6,0.0,9.77,11.1,100.0
-0.25,1.0,0.5,60000.0,0.1,0.06,1.0,1.0,0.35,0.0,0.005,20.0,10.0,0.01,,1.0,0.0,1.8,-1.8,2.0,2.0,0.5,0.0,9.3,10.4,100.0
