vprog,amp_neuron,vth,input_nbr,tau_in,tau_out,lr,iterations,presentation_time,pause_time,dt,n_neurons,inhibition_time,tau_ref,synapse_layer_1,winit_max,vprog_increment,voltage_clip_max,voltage_clip_min,Vapp_multiplier,gain_in,bias_in,noise_input,accuracy,accuracy_2,seed
-0.25,0.25,0.5,60000.0,0.03,0.06,1.0,1.0,0.2,0.0,0.005,20.0,10.0,0.01,0.004,1.0,0.0,1.8,-1.8,1.0,2.0,0.9,0.0,30.830000000000002,34.32,100.0
-0.25,0.25,0.5,60000.0,0.03,0.06,1.0,1.0,0.2,0.0,0.005,20.0,10.0,0.01,0.004,1.0,0.0,1.8,-1.8,1.0,2.0,1.0,0.0,30.409999999999997,31.55,100.0
-0.25,0.25,0.5,60000.0,0.03,0.06,1.0,1.0,0.2,0.0,0.005,20.0,10.0,0.01,0.004,1.0,0.0,1.8,-1.8,1.0,2.0,1.2,0.0,37.11,37.59,100.0
-0.25,0.25,0.5,60000.0,0.03,0.06,1.0,1.0,0.2,0.0,0.005,20.0,10.0,0.01,0.004,1.0,0.0,1.8,-1.8,1.0,3.0,0.9,0.0,39.03,41.61,100.0
-0.25,0.25,0.5,60000.0,0.03,0.06,1.0,1.0,0.2,0.0,0.005,20.0,10.0,0.01,0.004,1.0,0.0,1.8,-1.8,1.0,3.0,1.0,0.0,38.86,41.09,100.0
-0.25,0.25,0.5,60000.0,0.03,0.06,1.0,1.0,0.2,0.0,0.005,20.0,10.0,0.01,0.004,1.0,0.0,1.8,-1.8,1.0,3.0,1.2,0.0,45.21,48.98,100.0
-0.25,0.25,0.5,60000.0,0.03,0.06,1.0,1.0,0.2,0.0,0.005,20.0,10.0,0.01,0.004,1.0,0.0,1.8,-1.8,1.0,4.0,0.9,0.0,45.49,45.11,100.0
-0.25,0.25,0.5,60000.0,0.03,0.06,1.0,1.0,0.2,0.0,0.005,20.0,10.0,0.01,0.004,1.0,0.0,1.8,-1.8,1.0,4.0,1.0,0.0,47.69,47.29,100.0
