vprog,amp_neuron,vth,input_nbr,tau_in,tau_out,lr,iterations,presentation_time,pause_time,dt,n_neurons,inhibition_time,tau_ref,synapse_layer_1,winit_max,vprog_increment,voltage_clip_max,voltage_clip_min,Vapp_multiplier,gain_in,bias_in,noise_input,accuracy,accuracy_2,seed
0.0,0.5,0.5,60000.0,0.03,0.06,1.0,1.0,0.2,0.0,0.005,20.0,10.0,0.01,,1.0,0.0,1.8,-1.8,1.5,3.0,0.8,0.0,48.82,51.16,100.0
0.0,0.5,0.5,60000.0,0.03,0.06,1.0,1.0,0.2,0.0,0.005,20.0,10.0,0.01,,1.0,0.0,1.8,-1.8,1.5,3.0,0.9,0.0,48.5,52.66,100.0
0.0,0.5,0.5,60000.0,0.03,0.06,1.0,1.0,0.2,0.0,0.005,20.0,10.0,0.01,,1.0,0.0,1.8,-1.8,1.5,3.0,1.2,0.0,43.480000000000004,46.83,100.0
0.0,0.5,0.5,60000.0,0.03,0.06,1.0,1.0,0.2,0.0,0.005,20.0,10.0,0.01,,1.0,0.0,1.8,-1.8,1.5,4.0,0.8,0.0,46.47,44.65,100.0
0.0,0.5,0.5,60000.0,0.03,0.06,1.0,1.0,0.2,0.0,0.005,20.0,10.0,0.01,,1.0,0.0,1.8,-1.8,1.5,4.0,0.9,0.0,51.25999999999999,49.9,100.0
0.0,0.5,0.5,60000.0,0.03,0.06,1.0,1.0,0.2,0.0,0.005,20.0,10.0,0.01,,1.0,0.0,1.8,-1.8,1.5,4.0,1.2,0.0,40.339999999999996,43.04,100.0
