vprog,amp_neuron,vth,input_nbr,tau_in,tau_out,lr,iterations,presentation_time,pause_time,dt,n_neurons,inhibition_time,tau_ref,synapse_layer_1,winit_max,vprog_increment,voltage_clip_max,voltage_clip_min,Vapp_multiplier,gain_in,bias_in,noise_input,accuracy,accuracy_2,seed
0.0,0.5,0.5,60000.0,0.03,0.06,1.0,1.0,0.2,0.0,0.005,20.0,10.0,0.01,0.004,1.0,0.0,1.8,-1.8,1.0,3.0,0.9,0.0,50.13999999999999,50.63,100.0
0.0,0.5,0.5,60000.0,0.03,0.06,1.0,1.0,0.2,0.0,0.005,20.0,10.0,0.01,0.002,1.0,0.0,1.8,-1.8,1.0,3.0,0.9,0.0,43.53,45.55,100.0
0.0,0.5,0.5,60000.0,0.03,0.06,1.0,1.0,0.2,0.0,0.005,20.0,10.0,0.002,0.004,1.0,0.0,1.8,-1.8,1.0,3.0,0.9,0.0,51.580000000000005,49.56,100.0
0.0,0.5,0.5,60000.0,0.03,0.06,1.0,1.0,0.2,0.0,0.005,20.0,10.0,0.002,0.002,1.0,0.0,1.8,-1.8,1.0,3.0,0.9,0.0,46.239999999999995,46.71,100.0
0.0,0.5,0.5,60000.0,0.03,0.06,1.0,1.0,0.2,0.0,0.005,20.0,10.0,0.004,0.004,1.0,0.0,1.8,-1.8,1.0,3.0,0.9,0.0,46.02,45.95,100.0
0.0,0.5,0.5,60000.0,0.03,0.06,1.0,1.0,0.2,0.0,0.005,20.0,10.0,0.004,0.002,1.0,0.0,1.8,-1.8,1.0,3.0,0.9,0.0,49.7,48.89,100.0
