vprog,amp_neuron,vth,input_nbr,tau_in,tau_out,lr,iterations,presentation_time,pause_time,dt,n_neurons,inhibition_time,tau_ref,synapse_layer_1,winit_max,vprog_increment,voltage_clip_max,voltage_clip_min,Vapp_multiplier,gain_in,bias_in,noise_input,accuracy,accuracy_2,seed
0.0,0.75,0.5,60000.0,0.1,0.03,1.0,1.0,0.2,0.0,0.005,50.0,10.0,0.002,0.004,1.0,0.0,1.8,-1.8,1.0,3.0,1.1,0.0,68.95,69.48,100.0
0.0,0.75,0.5,60000.0,0.1,0.03,1.0,1.0,0.2,0.0,0.005,50.0,10.0,0.002,0.004,1.0,0.0,1.8,-1.8,1.0,4.0,1.1,0.0,69.48,69.49,100.0
0.0,0.75,0.5,60000.0,0.06,0.03,1.0,1.0,0.2,0.0,0.005,50.0,10.0,0.002,0.004,1.0,0.0,1.8,-1.8,1.0,3.0,1.1,0.0,62.03999999999999,62.18,100.0
0.0,0.75,0.5,60000.0,0.06,0.03,1.0,1.0,0.2,0.0,0.005,50.0,10.0,0.002,0.004,1.0,0.0,1.8,-1.8,1.0,4.0,1.1,0.0,60.209999999999994,58.96,100.0
0.0,0.75,0.5,60000.0,0.03,0.03,1.0,1.0,0.2,0.0,0.005,50.0,10.0,0.002,0.004,1.0,0.0,1.8,-1.8,1.0,3.0,1.1,0.0,61.59,60.16,100.0
0.0,0.75,0.5,60000.0,0.03,0.03,1.0,1.0,0.2,0.0,0.005,50.0,10.0,0.002,0.004,1.0,0.0,1.8,-1.8,1.0,4.0,1.1,0.0,58.879999999999995,58.99,100.0
