vprog,amp_neuron,vth,input_nbr,tau_in,tau_out,lr,iterations,presentation_time,pause_time,dt,n_neurons,inhibition_time,tau_ref,synapse_layer_1,winit_max,vprog_increment,voltage_clip_max,voltage_clip_min,Vapp_multiplier,gain_in,bias_in,noise_input,accuracy,accuracy_2,seed
0.0,0.75,0.5,60000.0,0.03,0.06,1.0,1.0,0.35,0.0,0.005,50.0,10.0,0.002,0.004,1.0,0.0,1.8,-1.8,1.0,3.0,1.1,0.0,58.919999999999995,59.12,100.0
0.0,0.75,0.5,60000.0,0.03,0.06,0.1,1.0,0.35,0.0,0.005,50.0,10.0,0.002,0.004,1.0,0.0,1.8,-1.8,1.0,3.0,1.1,0.0,74.19,72.83,100.0
0.0,0.75,0.5,60000.0,0.03,0.06,0.001,1.0,0.35,0.0,0.005,50.0,10.0,0.002,0.004,1.0,0.0,1.8,-1.8,1.0,3.0,1.1,0.0,50.96000000000001,46.59,100.0
0.0,0.75,0.5,60000.0,0.03,0.06,0.0001,1.0,0.35,0.0,0.005,50.0,10.0,0.002,0.004,1.0,0.0,1.8,-1.8,1.0,3.0,1.1,0.0,33.879999999999995,33.77,100.0
