vprog,amp_neuron,vth,input_nbr,tau_in,tau_out,lr,iterations,presentation_time,pause_time,dt,n_neurons,inhibition_time,tau_ref_in,tau_ref_out,inc_n,tau_n,synapse_layer_1,winit_max,vprog_increment,voltage_clip_max,voltage_clip_min,Vapp_multiplier,gain_in,bias_in,noise_input,accuracy,accuracy_2,seed
0.0,0.5,0.5,60000.0,0.02,0.02,1.0,1.0,0.2,0.0,0.005,50.0,10.0,0.002,0.002,0.001,1.0,0.005,1.0,0.0,1.8,-1.8,1.0,3.0,0.9,0.0,63.839999999999996,62.98,100.0
0.0,0.5,0.5,60000.0,0.02,0.02,1.0,1.0,0.2,0.0,0.005,50.0,10.0,0.002,0.002,0.001,1.0,0.005,1.0,0.0,1.8,-1.5,1.0,3.0,0.9,0.0,65.42,64.93,100.0
0.0,0.5,0.5,60000.0,0.02,0.02,1.0,1.0,0.2,0.0,0.005,50.0,10.0,0.002,0.005,0.001,1.0,0.005,1.0,0.0,1.8,-1.8,1.0,3.0,0.9,0.0,65.91,64.87,100.0
0.0,0.5,0.5,60000.0,0.02,0.02,1.0,1.0,0.2,0.0,0.005,50.0,10.0,0.002,0.005,0.001,1.0,0.005,1.0,0.0,1.8,-1.5,1.0,3.0,0.9,0.0,67.47999999999999,67.56,100.0
0.0,0.5,0.5,60000.0,0.02,0.02,1.0,1.0,0.2,0.0,0.005,50.0,10.0,0.005,0.002,0.001,1.0,0.005,1.0,0.0,1.8,-1.8,1.0,3.0,0.9,0.0,63.839999999999996,62.98,100.0
0.0,0.5,0.5,60000.0,0.02,0.02,1.0,1.0,0.2,0.0,0.005,50.0,10.0,0.005,0.002,0.001,1.0,0.005,1.0,0.0,1.8,-1.5,1.0,3.0,0.9,0.0,65.42,64.93,100.0
0.0,0.5,0.5,60000.0,0.02,0.02,1.0,1.0,0.2,0.0,0.005,50.0,10.0,0.005,0.005,0.001,1.0,0.005,1.0,0.0,1.8,-1.8,1.0,3.0,0.9,0.0,65.91,64.87,100.0
0.0,0.5,0.5,60000.0,0.02,0.02,1.0,1.0,0.2,0.0,0.005,50.0,10.0,0.005,0.005,0.001,1.0,0.005,1.0,0.0,1.8,-1.5,1.0,3.0,0.9,0.0,67.47999999999999,67.56,100.0
