vprog,amp_neuron,vth,input_nbr,tau_in,tau_out,lr,iterations,presentation_time,pause_time,dt,n_neurons,inhibition_time,tau_ref_in,tau_ref_out,inc_n,tau_n,synapse_layer_1,winit_max,vprog_increment,voltage_clip_max,voltage_clip_min,Vapp_multiplier,gain_in,bias_in,noise_input,accuracy,accuracy_2,seed
0.0,0.5,0.5,60000.0,0.03,0.03,1.0,1.0,0.35,0.0,0.005,50.0,10.0,0.01,0.005,0.01,1.0,0.005,1.0,0.0,1.5,-1.5,1.0,3.5,0.9,0.0,62.63999999999999,62.06,100.0
0.0,0.5,0.5,60000.0,0.03,0.03,1.0,1.0,0.35,0.0,0.005,50.0,10.0,0.01,0.005,0.01,1.0,0.005,1.0,0.0,1.5,-1.25,1.0,3.5,0.9,0.0,63.88,63.92,100.0
0.0,0.5,0.5,60000.0,0.03,0.03,1.0,1.0,0.35,0.0,0.005,50.0,10.0,0.01,0.005,0.01,1.0,0.005,1.0,0.0,1.5,-1.0,1.0,3.5,0.9,0.0,61.519999999999996,60.89,100.0
0.0,0.5,0.5,60000.0,0.03,0.03,1.0,1.0,0.35,0.0,0.005,50.0,10.0,0.01,0.005,0.01,1.0,0.005,1.0,0.0,1.25,-1.5,1.0,3.5,0.9,0.0,63.71,61.89,100.0
0.0,0.5,0.5,60000.0,0.03,0.03,1.0,1.0,0.35,0.0,0.005,50.0,10.0,0.01,0.005,0.01,1.0,0.005,1.0,0.0,1.25,-1.25,1.0,3.5,0.9,0.0,72.07000000000001,71.06,100.0
0.0,0.5,0.5,60000.0,0.03,0.03,1.0,1.0,0.35,0.0,0.005,50.0,10.0,0.01,0.005,0.01,1.0,0.005,1.0,0.0,1.25,-1.0,1.0,3.5,0.9,0.0,67.61,66.48,100.0
