vprog,amp_neuron,vth,input_nbr,tau_in,tau_out,lr,iterations,presentation_time,pause_time,dt,n_neurons,inhibition_time,tau_ref_in,tau_ref_out,inc_n,tau_n,synapse_layer_1,winit_max,vprog_increment,voltage_clip_max,voltage_clip_min,Vapp_multiplier,gain_in,bias_in,noise_input,accuracy,accuracy_2,seed
0.0,0.5,0.5,60000.0,0.06,0.03,1.0,1.0,0.35,0.0,0.005,20.0,10.0,0.01,0.005,0.01,1.0,0.005,1.0,0.0,1.8,-1.5,1.0,3.0,0.3,0.0,49.79,50.74,100.0
0.0,0.5,0.5,60000.0,0.06,0.03,1.0,1.0,0.35,0.0,0.005,20.0,10.0,0.01,0.005,0.01,1.0,0.005,1.0,0.0,1.8,-1.5,1.0,3.0,0.45,0.0,60.480000000000004,60.68,100.0
0.0,0.3,0.5,60000.0,0.06,0.03,1.0,1.0,0.35,0.0,0.005,20.0,10.0,0.01,0.005,0.01,1.0,0.005,1.0,0.0,1.8,-1.5,1.0,3.0,0.3,0.0,52.27,52.23,100.0
0.0,0.3,0.5,60000.0,0.06,0.03,1.0,1.0,0.35,0.0,0.005,20.0,10.0,0.01,0.005,0.01,1.0,0.005,1.0,0.0,1.8,-1.5,1.0,3.0,0.45,0.0,54.97,54.19,100.0
0.0,0.1,0.5,60000.0,0.06,0.03,1.0,1.0,0.35,0.0,0.005,20.0,10.0,0.01,0.005,0.01,1.0,0.005,1.0,0.0,1.8,-1.5,1.0,3.0,0.3,0.0,67.0,67.49,100.0
0.0,0.1,0.5,60000.0,0.06,0.03,1.0,1.0,0.35,0.0,0.005,20.0,10.0,0.01,0.005,0.01,1.0,0.005,1.0,0.0,1.8,-1.5,1.0,3.0,0.45,0.0,66.96,66.76,100.0
0.0,0.05,0.5,60000.0,0.06,0.03,1.0,1.0,0.35,0.0,0.005,20.0,10.0,0.01,0.005,0.01,1.0,0.005,1.0,0.0,1.8,-1.5,1.0,3.0,0.3,0.0,66.75999999999999,67.43,100.0
0.0,0.05,0.5,60000.0,0.06,0.03,1.0,1.0,0.35,0.0,0.005,20.0,10.0,0.01,0.005,0.01,1.0,0.005,1.0,0.0,1.8,-1.5,1.0,3.0,0.45,0.0,66.81,66.36,100.0
