vprog,amp_neuron,vth,input_nbr,tau_in,tau_out,lr,iterations,presentation_time,pause_time,dt,n_neurons,inhibition_time,tau_ref_in,tau_ref_out,inc_n,tau_n,synapse_layer_1,winit_max,vprog_increment,voltage_clip_max,voltage_clip_min,Vapp_multiplier,gain_in,bias_in,noise_input,accuracy,accuracy_2,seed
0.0,0.1,0.5,60000.0,0.03,0.06,1.0,1.0,0.35,0.0,0.005,50.0,10.0,0.005,0.005,0.01,1.0,0.005,1.0,0.0,1.8,-1.5,1.0,3.5,0.5,0.0,72.36,71.31,100.0
0.0,0.1,0.5,60000.0,0.03,0.06,1.0,1.0,0.35,0.0,0.005,50.0,10.0,0.005,0.005,0.01,1.0,0.005,1.0,0.0,1.8,-1.5,1.0,3.5,0.55,0.0,70.03,69.1,100.0
0.0,0.1,0.5,60000.0,0.03,0.06,1.0,1.0,0.35,0.0,0.005,50.0,10.0,0.005,0.005,0.01,1.0,0.005,1.0,0.0,1.8,-1.5,1.0,3.25,0.5,0.0,71.74000000000001,70.78,100.0
0.0,0.1,0.5,60000.0,0.03,0.06,1.0,1.0,0.35,0.0,0.005,50.0,10.0,0.005,0.005,0.01,1.0,0.005,1.0,0.0,1.8,-1.5,1.0,3.25,0.55,0.0,69.91000000000001,68.73,100.0
0.0,0.1,0.5,60000.0,0.03,0.06,1.0,1.0,0.35,0.0,0.005,50.0,10.0,0.005,0.005,0.01,1.0,0.005,1.0,0.0,1.8,-1.5,1.0,3.75,0.5,0.0,75.99000000000001,74.99,100.0
0.0,0.1,0.5,60000.0,0.03,0.06,1.0,1.0,0.35,0.0,0.005,50.0,10.0,0.005,0.005,0.01,1.0,0.005,1.0,0.0,1.8,-1.5,1.0,3.75,0.55,0.0,73.82,73.28,100.0
