vprog,amp_neuron,vth,input_nbr,tau_in,tau_out,lr,iterations,presentation_time,pause_time,dt,n_neurons,inhibition_time,tau_ref_in,tau_ref_out,inc_n,tau_n,synapse_layer_1,winit_max,vprog_increment,voltage_clip_max,voltage_clip_min,Vapp_multiplier,gain_in,bias_in,noise_input,accuracy,accuracy_2,seed
0.0,0.1,0.5,60000.0,0.06,0.06,1.0,1.0,0.35,0.0,0.005,50.0,10.0,0.005,0.005,0.01,1.0,0.005,1.0,0.0,1.8,-1.5,1.0,4.0,0.5,0.0,73.14,71.35,100.0
0.0,0.1,0.5,60000.0,0.06,0.06,1.0,1.0,0.35,0.0,0.005,50.0,10.0,0.005,0.002,0.01,1.0,0.005,1.0,0.0,1.8,-1.5,1.0,4.0,0.5,0.0,70.63000000000001,69.86,100.0
0.0,0.1,0.5,60000.0,0.06,0.06,1.0,1.0,0.35,0.0,0.005,50.0,10.0,0.005,0.01,0.01,1.0,0.005,1.0,0.0,1.8,-1.5,1.0,4.0,0.5,0.0,68.45,68.98,100.0
0.0,0.1,0.5,60000.0,0.06,0.06,1.0,1.0,0.35,0.0,0.005,50.0,10.0,0.002,0.005,0.01,1.0,0.005,1.0,0.0,1.8,-1.5,1.0,4.0,0.5,0.0,77.38000000000001,76.35,100.0
0.0,0.1,0.5,60000.0,0.06,0.06,1.0,1.0,0.35,0.0,0.005,50.0,10.0,0.002,0.002,0.01,1.0,0.005,1.0,0.0,1.8,-1.5,1.0,4.0,0.5,0.0,72.68,71.76,100.0
0.0,0.1,0.5,60000.0,0.06,0.06,1.0,1.0,0.35,0.0,0.005,50.0,10.0,0.002,0.01,0.01,1.0,0.005,1.0,0.0,1.8,-1.5,1.0,4.0,0.5,0.0,73.28,73.32,100.0
