vprog,amp_neuron,vth,input_nbr,tau_in,tau_out,lr,iterations,presentation_time,pause_time,dt,n_neurons,inhibition_time,tau_ref_in,tau_ref_out,inc_n,tau_n,synapse_layer_1,winit_max,vprog_increment,voltage_clip_max,voltage_clip_min,Vapp_multiplier,gain_in,bias_in,noise_input,accuracy,accuracy_2,seed
0.0,0.05,0.5,60000.0,0.03,0.06,1.0,1.0,0.35,0.0,0.005,50.0,10.0,0.002,0.002,0.01,1.0,0.005,1.0,0.0,1.8,-1.5,1.0,3.5,0.5,0.0,80.47999999999999,80.13,100.0
0.0,0.05,0.5,60000.0,0.03,0.06,2.0,1.0,0.35,0.0,0.005,50.0,10.0,0.002,0.002,0.01,1.0,0.005,1.0,0.0,1.8,-1.5,1.0,3.5,0.5,0.0,76.59,76.48,100.0
0.0,0.05,0.5,60000.0,0.03,0.06,5.0,1.0,0.35,0.0,0.005,50.0,10.0,0.002,0.002,0.01,1.0,0.005,1.0,0.0,1.8,-1.5,1.0,3.5,0.5,0.0,77.86999999999999,77.06,100.0
0.0,0.05,0.5,60000.0,0.03,0.06,10.0,1.0,0.35,0.0,0.005,50.0,10.0,0.002,0.002,0.01,1.0,0.005,1.0,0.0,1.8,-1.5,1.0,3.5,0.5,0.0,73.24000000000001,72.88,100.0
