vprog,amp_neuron,vth,input_nbr,tau_in,tau_out,lr,iterations,presentation_time,pause_time,dt,n_neurons,inhibition_time,tau_ref_in,tau_ref_out,inc_n,tau_n,synapse_layer_1,winit_max,vprog_increment,voltage_clip_max,voltage_clip_min,Vapp_multiplier,gain_in,bias_in,noise_input,amp_var,accuracy,accuracy_2,seed
0.0,0.5,0.5,60000.0,0.03,0.03,1.0,1.0,0.35,0.0,0.005,50.0,10.0,0.01,0.005,0.01,1.0,0.005,1.0,0.0,1.8,-1.5,1.0,3.5,0.85,0.0,0.8,59.160000000000004,56.29,100.0
0.0,0.5,0.5,60000.0,0.03,0.03,1.0,1.0,0.35,0.0,0.005,50.0,10.0,0.01,0.005,0.01,1.0,0.005,1.0,0.0,1.8,-1.5,1.0,3.5,0.85,0.0,0.8,62.27,59.95,200.0
0.0,0.5,0.5,60000.0,0.03,0.03,1.0,1.0,0.35,0.0,0.005,50.0,10.0,0.01,0.005,0.01,1.0,0.005,1.0,0.0,1.8,-1.5,1.0,3.5,0.85,0.0,1.0,52.849999999999994,50.22,100.0
0.0,0.5,0.5,60000.0,0.03,0.03,1.0,1.0,0.35,0.0,0.005,50.0,10.0,0.01,0.005,0.01,1.0,0.005,1.0,0.0,1.8,-1.5,1.0,3.5,0.85,0.0,1.0,55.669999999999995,53.08,200.0
