vprog,amp_neuron,vth,input_nbr,tau_in,tau_out,lr,alpha,iterations,presentation_time,pause_time,dt,n_neurons,inhibition_time,tau_ref_in,tau_ref_out,inc_n,tau_n,synapse_layer_1,winit_max,vprog_increment,voltage_clip_max,voltage_clip_min,Vapp_multiplier,gain_in,bias_in,noise_input,accuracy,accuracy_2,seed
0.0,0.05,0.5,60000.0,0.06,0.06,0.0001,2.0,1.0,0.35,0.0,0.005,50.0,10.0,0.005,0.005,0.01,1.0,0.005,1.0,0.0,1.0,-1.0,1.0,4.0,0.2,0.0,34.589999999999996,31.48,50.0
0.0,0.05,0.5,60000.0,0.06,0.06,0.0001,2.0,1.0,0.35,0.0,0.005,50.0,10.0,0.005,0.005,0.01,1.0,0.005,1.0,0.0,1.0,-1.0,1.0,4.0,0.15,0.0,33.900000000000006,30.64,50.0
0.0,0.05,0.5,60000.0,0.06,0.06,0.0001,2.0,1.0,0.35,0.0,0.005,50.0,10.0,0.005,0.005,0.01,1.0,0.005,1.0,0.0,1.0,-1.0,1.0,4.0,0.35,0.0,37.5,34.54,50.0
0.0,0.05,0.5,60000.0,0.06,0.06,0.0001,2.0,1.0,0.35,0.0,0.005,50.0,10.0,0.005,0.005,0.01,1.0,0.005,1.0,0.0,1.0,-1.0,1.0,4.0,0.5,0.0,40.87,37.63,50.0
0.0,0.05,0.5,60000.0,0.06,0.06,0.0001,2.0,1.0,0.35,0.0,0.005,50.0,10.0,0.005,0.005,0.01,1.0,0.005,1.0,0.0,1.0,-1.0,1.0,3.0,0.2,0.0,32.95,27.62,50.0
0.0,0.05,0.5,60000.0,0.06,0.06,0.0001,2.0,1.0,0.35,0.0,0.005,50.0,10.0,0.005,0.005,0.01,1.0,0.005,1.0,0.0,1.0,-1.0,1.0,3.0,0.15,0.0,32.73,27.13,50.0
