vprog,amp_neuron,vth,input_nbr,tau_in,tau_out,lr,alpha,iterations,presentation_time,pause_time,dt,n_neurons,inhibition_time,tau_ref_in,tau_ref_out,inc_n,tau_n,synapse_layer_1,winit_max,vprog_increment,voltage_clip_max,voltage_clip_min,Vapp_multiplier,gain_in,bias_in,noise_input,accuracy,accuracy_2,seed
0.0,0.05,0.5,60000.0,0.03,0.03,0.0005,2.0,1.0,0.35,0.0,0.005,10.0,10.0,0.005,0.005,0.01,1.0,0.005,1.0,0.0,1.0,-1.0,1.0,4.0,0.5,0.0,62.949999999999996,63.15,50.0
0.0,0.05,0.5,60000.0,0.03,0.03,0.0005,2.0,1.0,0.35,0.0,0.005,10.0,10.0,0.005,0.005,0.01,1.0,0.005,1.0,0.0,1.0,-1.0,1.0,4.0,0.45,0.0,60.9,61.13,50.0
0.0,0.05,0.5,60000.0,0.03,0.03,0.0005,2.0,1.0,0.35,0.0,0.005,10.0,10.0,0.005,0.005,0.01,1.0,0.005,1.0,0.0,1.0,-1.0,1.0,4.0,0.4,0.0,58.67,59.04,50.0
0.0,0.05,0.5,60000.0,0.03,0.03,0.0005,2.0,1.0,0.35,0.0,0.005,10.0,10.0,0.005,0.005,0.01,1.0,,1.0,0.0,1.0,-1.0,1.0,4.0,0.5,0.0,59.13,59.69,50.0
0.0,0.05,0.5,60000.0,0.03,0.03,0.0005,2.0,1.0,0.35,0.0,0.005,10.0,10.0,0.005,0.005,0.01,1.0,,1.0,0.0,1.0,-1.0,1.0,4.0,0.45,0.0,59.050000000000004,59.44,50.0
0.0,0.05,0.5,60000.0,0.03,0.03,0.0005,2.0,1.0,0.35,0.0,0.005,10.0,10.0,0.005,0.005,0.01,1.0,,1.0,0.0,1.0,-1.0,1.0,4.0,0.4,0.0,50.260000000000005,50.64,50.0
0.0,0.05,0.5,60000.0,0.03,0.03,0.0005,4.0,1.0,0.35,0.0,0.005,10.0,10.0,0.005,0.005,0.01,1.0,0.005,1.0,0.0,1.0,-1.0,1.0,4.0,0.5,0.0,57.830000000000005,58.11,50.0
0.0,0.05,0.5,60000.0,0.03,0.03,0.0005,4.0,1.0,0.35,0.0,0.005,10.0,10.0,0.005,0.005,0.01,1.0,0.005,1.0,0.0,1.0,-1.0,1.0,4.0,0.45,0.0,56.88999999999999,57.34,50.0
