vprog,amp_neuron,vth,input_nbr,tau_in,tau_out,lr,alpha,iterations,presentation_time,pause_time,dt,n_neurons,inhibition_time,tau_ref_in,tau_ref_out,inc_n,tau_n,synapse_layer_1,winit_max,vprog_increment,voltage_clip_max,voltage_clip_min,Vapp_multiplier,gain_in,bias_in,noise_input,accuracy,accuracy_2,seed
0.0,0.05,0.5,60000.0,0.03,0.03,0.0005,1.0,1.0,0.35,0.0,0.005,10.0,10.0,0.005,0.005,0.01,1.0,0.004,1.0,0.0,1.0,-1.0,1.0,4.0,0.5,0.0,62.629999999999995,62.85,50.0
0.0,0.05,0.5,60000.0,0.03,0.03,0.0005,1.0,1.0,0.35,0.0,0.005,10.0,10.0,0.005,0.005,0.01,1.0,0.004,1.0,0.0,1.0,-1.0,1.0,4.0,0.45,0.0,62.160000000000004,62.38,50.0
0.0,0.05,0.5,60000.0,0.03,0.03,0.0005,1.0,1.0,0.35,0.0,0.005,10.0,10.0,0.005,0.005,0.01,1.0,0.004,1.0,0.0,1.0,-1.0,1.0,4.0,0.4,0.0,58.9,59.32,50.0
0.0,0.05,0.5,60000.0,0.03,0.03,0.0005,1.0,1.0,0.35,0.0,0.005,10.0,10.0,0.005,0.005,0.01,1.0,0.005,1.0,0.0,1.0,-1.0,1.0,4.0,0.5,0.0,63.81,63.92,50.0
0.0,0.05,0.5,60000.0,0.03,0.03,0.0005,1.0,1.0,0.35,0.0,0.005,10.0,10.0,0.005,0.005,0.01,1.0,0.005,1.0,0.0,1.0,-1.0,1.0,4.0,0.45,0.0,62.4,62.68,50.0
