vprog,amp_neuron,vth,input_nbr,tau_in,tau_out,lr,alpha,iterations,presentation_time,pause_time,dt,n_neurons,inhibition_time,tau_ref_in,tau_ref_out,inc_n,tau_n,synapse_layer_1,winit_max,vprog_increment,voltage_clip_max,voltage_clip_min,Vapp_multiplier,gain_in,bias_in,noise_input,accuracy,accuracy_2,seed
0.0,0.05,0.5,60000.0,0.03,0.03,0.0006,1.0,1.0,0.35,0.0,0.005,10.0,10.0,0.005,0.005,0.01,1.0,0.005,1.0,0.0,1.0,-1.0,1.0,4.0,0.5,0.0,64.1,64.3,50.0
0.0,0.05,0.5,60000.0,0.03,0.03,0.0006,1.0,1.0,0.35,0.0,0.005,10.0,10.0,0.005,0.005,0.01,1.0,0.005,1.0,0.0,1.0,-1.0,1.0,4.0,0.5,0.0,62.93,63.19,100.0
0.0,0.05,0.5,60000.0,0.03,0.03,0.0006,1.0,1.0,0.35,0.0,0.005,10.0,10.0,0.005,0.005,0.01,1.0,0.005,1.0,0.0,1.0,-1.0,1.0,4.0,0.5,0.0,59.86,60.07,200.0
0.0,0.05,0.5,60000.0,0.03,0.03,0.0006,1.0,1.0,0.35,0.0,0.005,10.0,10.0,0.005,0.005,0.01,1.0,0.005,1.0,0.0,1.0,-1.0,1.0,4.0,0.5,0.0,58.13,58.09,300.0
0.0,0.05,0.5,60000.0,0.03,0.03,0.0006,1.0,1.0,0.35,0.0,0.005,10.0,10.0,0.005,0.005,0.01,1.0,0.005,1.0,0.0,1.0,-1.0,1.0,4.0,0.5,0.0,63.080000000000005,63.21,400.0
0.0,0.05,0.5,60000.0,0.03,0.03,0.0006,1.0,1.0,0.35,0.0,0.005,10.0,10.0,0.005,0.005,0.01,1.0,0.005,1.0,0.0,1.0,-1.0,1.0,4.0,0.5,0.0,62.239999999999995,62.31,1998.0
0.0,0.05,0.5,60000.0,0.03,0.03,0.0006,1.0,1.0,0.35,0.0,0.005,10.0,10.0,0.005,0.005,0.01,1.0,0.005,1.0,0.0,1.0,-1.0,1.0,4.0,0.5,0.0,56.21000000000001,56.38,1971.0
