vprog,amp_neuron,vth,input_nbr,tau_in,tau_out,lr,alpha,iterations,presentation_time,pause_time,dt,n_neurons,inhibition_time,tau_ref_in,tau_ref_out,inc_n,tau_n,synapse_layer_1,winit_max,vprog_increment,voltage_clip_max,voltage_clip_min,Vapp_multiplier,gain_in,bias_in,noise_input,accuracy,accuracy_2,seed
0.0,0.05,0.5,60000.0,0.03,0.03,0.0005,1.0,1.0,0.35,0.0,0.005,10.0,10.0,0.005,0.005,0.01,1.0,0.005,1.0,0.0,1.0,-1.0,1.0,3.75,0.5,0.0,60.41,60.61,50.0
0.0,0.05,0.5,60000.0,0.03,0.03,0.0005,1.0,1.0,0.35,0.0,0.005,10.0,10.0,0.005,0.005,0.01,1.0,0.005,1.0,0.0,1.0,-1.0,1.0,4.0,0.5,0.0,63.81,63.92,50.0
0.0,0.05,0.5,60000.0,0.03,0.03,0.0005,1.0,1.0,0.35,0.0,0.005,10.0,10.0,0.005,0.005,0.01,1.0,0.005,1.0,0.0,1.0,-1.0,1.0,4.25,0.5,0.0,61.809999999999995,62.02,50.0
0.0,0.05,0.5,60000.0,0.03,0.03,0.0005,0.5,1.0,0.35,0.0,0.005,10.0,10.0,0.005,0.005,0.01,1.0,0.005,1.0,0.0,1.0,-1.0,1.0,3.75,0.5,0.0,60.06,60.45,50.0
0.0,0.05,0.5,60000.0,0.03,0.03,0.0005,0.5,1.0,0.35,0.0,0.005,10.0,10.0,0.005,0.005,0.01,1.0,0.005,1.0,0.0,1.0,-1.0,1.0,4.0,0.5,0.0,63.13999999999999,63.35,50.0
0.0,0.05,0.5,60000.0,0.03,0.03,0.0005,0.5,1.0,0.35,0.0,0.005,10.0,10.0,0.005,0.005,0.01,1.0,0.005,1.0,0.0,1.0,-1.0,1.0,4.25,0.5,0.0,61.72,61.85,50.0
